0
"Nov 10, 2014 Player of the Week"
"Mar 30, 2015 Player of the Week"
"Nov 2, 2015 Player of the Week"
"Nov 23, 2015 Player of the Week"
"Dec 7, 2015 Player of the Week"
"Feb 29, 2016 Player of the Week"
"Mar 14, 2016 Player of the Week"
"Jan 9, 2017 Player of the Week"
"Feb 6, 2017 Player of the Week"
"Apr 3, 2017 Player of the Week"
"Jan 8, 2018 Player of the Week"
"Jan 29, 2018 Player of the Week"
"Oct 29, 2018 Player of the Week"
"Dec 10, 2018 Player of the Week"
"Jan 4, 2021 Player of the Week"
"Apr 19, 2021 Player of the Week"
"Oct 25, 2021 Player of the Week"
"Nov 15, 2021 Player of the Week"
"Nov 14, 2022 Player of the Week"
"Nov 6, 2023 Player of the Week"
