0
"Nov 14, 2004 Player of the Week"
"Nov 28, 2004 Player of the Week"
"Jan 23, 2005 Player of the Week"
"Nov 20, 2005 Player of the Week"
"Jan 29, 2006 Player of the Week"
"Mar 19, 2006 Player of the Week"
"Mar 26, 2006 Player of the Week"
"Apr 2, 2006 Player of the Week"
"Nov 19, 2006 Player of the Week"
"Mar 11, 2007 Player of the Week"
"Nov 25, 2007 Player of the Week"
"Jan 6, 2008 Player of the Week"
"Feb 24, 2008 Player of the Week"
"Nov 9, 2008 Player of the Week"
"Nov 16, 2008 Player of the Week"
"Dec 28, 2008 Player of the Week"
"Jan 25, 2009 Player of the Week"
"Feb 8, 2009 Player of the Week"
"Mar 15, 2009 Player of the Week"
"Mar 22, 2009 Player of the Week"
"Nov 22, 2009 Player of the Week"
"Dec 27, 2009 Player of the Week"
"Jan 10, 2010 Player of the Week"
"Jan 24, 2010 Player of the Week"
"Feb 7, 2010 Player of the Week"
"Feb 28, 2010 Player of the Week"
"Dec 26, 2010 Player of the Week"
"Jan 9, 2011 Player of the Week"
"Jan 30, 2011 Player of the Week"
"Feb 6, 2011 Player of the Week"
"Mar 20, 2011 Player of the Week"
"Jan 1, 2012 Player of the Week"
"Jan 8, 2012 Player of the Week"
"Jan 29, 2012 Player of the Week"
"Feb 19, 2012 Player of the Week"
"Apr 8, 2012 Player of the Week"
"Apr 22, 2012 Player of the Week"
"Nov 11, 2012 Player of the Week"
"Nov 18, 2012 Player of the Week"
"Dec 23, 2012 Player of the Week"
"Feb 10, 2013 Player of the Week"
"Feb 24, 2013 Player of the Week"
"Mar 24, 2013 Player of the Week"
"Nov 18, 2013 Player of the Week"
"Dec 2, 2013 Player of the Week"
"Nov 17, 2014 Player of the Week"
"Dec 1, 2014 Player of the Week"
"Jan 26, 2015 Player of the Week"
"Nov 23, 2015 Player of the Week"
"Jan 11, 2016 Player of the Week"
"Mar 7, 2016 Player of the Week"
"Mar 28, 2016 Player of the Week"
"Apr 4, 2016 Player of the Week"
"Oct 31, 2016 Player of the Week"
"Nov 7, 2016 Player of the Week"
"Dec 12, 2016 Player of the Week"
"Feb 13, 2017 Player of the Week"
"Dec 4, 2017 Player of the Week"
"Dec 18, 2017 Player of the Week"
"Mar 19, 2018 Player of the Week"
"Mar 26, 2018 Player of the Week"
"Dec 16, 2019 Player of the Week"
"Jan 6, 2020 Player of the Week"
"Mar 9, 2020 Player of the Week"
"Dec 13, 2021 Player of the Week"
"Jan 9, 2023 Player of the Week"
"Jan 23, 2023 Player of the Week"
"Mar 4, 2024 Player of the Week"
"Feb 3, 2025 Player of the Week"
