0
"Feb 7, 2010 Player of the Week"
"Nov 21, 2010 Player of the Week"
"Dec 5, 2010 Player of the Week"
"Jan 16, 2011 Player of the Week"
"Mar 6, 2011 Player of the Week"
"Jan 29, 2012 Player of the Week"
"Feb 12, 2012 Player of the Week"
"Feb 10, 2013 Player of the Week"
"Feb 9, 2015 Player of the Week"
"Mar 9, 2015 Player of the Week"
"Dec 28, 2015 Player of the Week"
"Oct 31, 2016 Player of the Week"
"Dec 5, 2016 Player of the Week"
"Dec 26, 2016 Player of the Week"
"Apr 10, 2017 Player of the Week"
"Dec 25, 2017 Player of the Week"
"Mar 19, 2018 Player of the Week"
"Nov 5, 2018 Player of the Week"
"Apr 8, 2019 Player of the Week"
"May 10, 2021 Player of the Week"
