0
"Feb 22, 2004 Player of the Week"
"Nov 7, 2004 Player of the Week"
"Dec 4, 2005 Player of the Week"
"Jan 1, 2006 Player of the Week"
"Jan 14, 2007 Player of the Week"
"Feb 4, 2007 Player of the Week"
"Feb 11, 2007 Player of the Week"
"Nov 23, 2008 Player of the Week"
"Dec 7, 2008 Player of the Week"
"Mar 8, 2009 Player of the Week"
"Mar 7, 2010 Player of the Week"
"Mar 28, 2010 Player of the Week"
"Dec 12, 2010 Player of the Week"
"Jan 2, 2011 Player of the Week"
"Mar 13, 2011 Player of the Week"
"Mar 10, 2013 Player of the Week"
"Dec 23, 2013 Player of the Week"
"Mar 23, 2015 Player of the Week"
"Feb 1, 2016 Player of the Week"
