0
"Nov 26, 2006 Player of the Week"
"Nov 18, 2007 Player of the Week"
"Dec 2, 2007 Player of the Week"
"Jan 11, 2009 Player of the Week"
"Feb 22, 2009 Player of the Week"
"Mar 29, 2009 Player of the Week"
"Apr 5, 2009 Player of the Week"
"Nov 1, 2009 Player of the Week"
"Dec 20, 2009 Player of the Week"
"Feb 21, 2010 Player of the Week"
"Apr 11, 2010 Player of the Week"
"Nov 7, 2010 Player of the Week"
"Nov 28, 2010 Player of the Week"
"Jan 23, 2011 Player of the Week"
"Feb 13, 2011 Player of the Week"
"Feb 27, 2011 Player of the Week"
"Mar 27, 2011 Player of the Week"
"Jan 22, 2012 Player of the Week"
