0
"Mar 14, 2004 Player of the Week"
"Apr 11, 2004 Player of the Week"
"Mar 19, 2006 Player of the Week"
"Nov 26, 2006 Player of the Week"
"Dec 3, 2006 Player of the Week"
"Feb 11, 2007 Player of the Week"
"Dec 23, 2007 Player of the Week"
"Mar 30, 2008 Player of the Week"
"Nov 1, 2009 Player of the Week"
"Jan 17, 2010 Player of the Week"
"Apr 3, 2011 Player of the Week"
"Apr 10, 2011 Player of the Week"
"Dec 2, 2012 Player of the Week"
"Jan 6, 2013 Player of the Week"
"Apr 7, 2013 Player of the Week"
"Apr 14, 2013 Player of the Week"
"Jan 13, 2014 Player of the Week"
"Mar 10, 2014 Player of the Week"
"Dec 2, 2019 Player of the Week"
