0
Apr 2010 Player of the Month
Dec 2010 Player of the Month
Apr 2011 Player of the Month
Feb 2012 Player of the Month
Mar 2012 Player of the Month
Nov 2012 Player of the Month
Mar 2013 Player of the Month
Nov 2013 Player of the Month
Dec 2013 Player of the Month
Jan 2014 Player of the Month
Mar 2014 Player of the Month
Dec 2015 Player of the Month
Jan 2016 Player of the Month
Jan 2017 Player of the Month
Nov 2021 Player of the Month
Nov 2007 Rookie of the Month
Dec 2007 Rookie of the Month
Jan 2008 Rookie of the Month
Mar 2008 Rookie of the Month
Apr 2008 Rookie of the Month
