0
"Nov 4, 2012 Player of the Week"
"Jan 6, 2013 Player of the Week"
"Mar 24, 2013 Player of the Week"
"Mar 3, 2014 Player of the Week"
"Mar 10, 2014 Player of the Week"
"Dec 15, 2014 Player of the Week"
"Dec 29, 2014 Player of the Week"
"Apr 6, 2015 Player of the Week"
"Nov 9, 2015 Player of the Week"
"Nov 14, 2016 Player of the Week"
"Dec 19, 2016 Player of the Week"
"Jan 2, 2017 Player of the Week"
"Mar 27, 2017 Player of the Week"
"Oct 23, 2017 Player of the Week"
"Nov 6, 2017 Player of the Week"
"Dec 4, 2017 Player of the Week"
"Feb 5, 2018 Player of the Week"
"Feb 12, 2018 Player of the Week"
"Dec 17, 2018 Player of the Week"
"Dec 31, 2018 Player of the Week"
"Jan 21, 2019 Player of the Week"
"Mar 25, 2019 Player of the Week"
"Nov 11, 2019 Player of the Week"
"Nov 18, 2019 Player of the Week"
"Feb 1, 2021 Player of the Week"
"Feb 22, 2021 Player of the Week"
"Apr 14, 2025 Player of the Week"
