0
"Nov 13, 2017 Player of the Week"
"Apr 9, 2018 Player of the Week"
"Oct 22, 2018 Player of the Week"
"Jan 7, 2019 Player of the Week"
"Feb 4, 2019 Player of the Week"
"Feb 10, 2020 Player of the Week"
"Jan 25, 2021 Player of the Week"
"Feb 1, 2021 Player of the Week"
"Mar 22, 2021 Player of the Week"
"Jan 24, 2022 Player of the Week"
"Apr 4, 2022 Player of the Week"
"Dec 19, 2022 Player of the Week"
"Oct 30, 2023 Player of the Week"
"Apr 15, 2024 Player of the Week"
"Nov 11, 2024 Player of the Week"
"Jan 6, 2025 Player of the Week"
"Feb 10, 2025 Player of the Week"
"Nov 9, 2025 Player of the Week"
"Nov 16, 2025 Player of the Week"
