0
"Jan 3, 2010 Player of the Week"
"Jan 31, 2010 Player of the Week"
"Apr 4, 2010 Player of the Week"
"Feb 6, 2011 Player of the Week"
"Apr 10, 2011 Player of the Week"
"Jan 1, 2012 Player of the Week"
"Feb 19, 2012 Player of the Week"
"Mar 25, 2012 Player of the Week"
"Nov 18, 2012 Player of the Week"
"Dec 2, 2012 Player of the Week"
"Jan 13, 2013 Player of the Week"
"Jan 20, 2013 Player of the Week"
"Dec 2, 2013 Player of the Week"
"Dec 30, 2013 Player of the Week"
"Jan 20, 2014 Player of the Week"
"Jan 27, 2014 Player of the Week"
"Feb 10, 2014 Player of the Week"
"Mar 24, 2014 Player of the Week"
"Jan 5, 2015 Player of the Week"
"Nov 30, 2015 Player of the Week"
"Dec 14, 2015 Player of the Week"
"Jan 18, 2016 Player of the Week"
"Feb 1, 2016 Player of the Week"
"Mar 21, 2016 Player of the Week"
"Nov 28, 2016 Player of the Week"
"Dec 11, 2017 Player of the Week"
"Jan 18, 2021 Player of the Week"
"Nov 15, 2021 Player of the Week"
"Mar 14, 2022 Player of the Week"
"Nov 7, 2022 Player of the Week"
"Dec 5, 2022 Player of the Week"
"Jan 22, 2024 Player of the Week"
"Mar 24, 2025 Player of the Week"
