0
"Dec 14, 2015 Player of the Week"
"Nov 14, 2016 Player of the Week"
"Dec 19, 2016 Player of the Week"
"Jan 16, 2017 Player of the Week"
"Mar 27, 2017 Player of the Week"
"Nov 20, 2017 Player of the Week"
"Dec 25, 2017 Player of the Week"
"Jan 8, 2018 Player of the Week"
"Mar 5, 2018 Player of the Week"
"Mar 12, 2018 Player of the Week"
"Jan 13, 2020 Player of the Week"
"Dec 6, 2021 Player of the Week"
"Jan 3, 2022 Player of the Week"
"Feb 14, 2022 Player of the Week"
"Mar 11, 2024 Player of the Week"
