0
"Feb 9, 2015 Player of the Week"
"Dec 5, 2016 Player of the Week"
"Oct 23, 2017 Player of the Week"
"Oct 29, 2018 Player of the Week"
"Nov 26, 2018 Player of the Week"
"Dec 24, 2018 Player of the Week"
"Dec 31, 2018 Player of the Week"
"Jan 28, 2019 Player of the Week"
"Feb 4, 2019 Player of the Week"
"Nov 4, 2019 Player of the Week"
"Dec 2, 2019 Player of the Week"
"Jan 6, 2020 Player of the Week"
"Mar 2, 2020 Player of the Week"
"Feb 8, 2021 Player of the Week"
"Mar 1, 2021 Player of the Week"
"Mar 22, 2021 Player of the Week"
"Nov 22, 2021 Player of the Week"
"Oct 31, 2022 Player of the Week"
"Nov 28, 2022 Player of the Week"
"Jan 30, 2023 Player of the Week"
"Feb 6, 2023 Player of the Week"
"Dec 18, 2023 Player of the Week"
"Jan 29, 2024 Player of the Week"
"Nov 25, 2024 Player of the Week"
"Jan 20, 2025 Player of the Week"
"Apr 7, 2025 Player of the Week"
"Apr 14, 2025 Player of the Week"
"Oct 26, 2025 Player of the Week"
